event_id,video_id,frame_number,timestamp_sec,track_id,ball_head_distance_px,head_width_px,adaptive_threshold_px,player_confidence,head_confidence,ball_confidence,attribution_confidence,ambiguous
H0001,Header_h1,173,2.883,75,10.85,64.41,96.61,0.8793,0.3397,,0.9067,False
H0002,Header_h1,233,3.883,8,9.74,68.75,103.12,0.9457,0.7536,,0.8338,False
H0003,Header_h101,127,2.117,583,3.94,35.57,53.36,0.9148,0.3545,,0.9501,False
H0004,Header_h106,179,2.983,1433,26.06,38.98,58.47,0.8858,0.6893,,0.9504,False
H0005,Header_h26,287,4.783,3513,161.76,242.55,363.82,0.6017,0.7713,,1.0,False
H0006,Header_h28,288,4.8,3738,36.08,127.81,191.71,0.9445,0.6556,0.907,0.9263,False
H0007,Header_h31,19,0.317,4247,126.1,118.26,177.39,0.9565,0.8809,,0.9537,False
H0008,Header_h31,176,2.933,4304,15.94,22.08,33.12,0.942,0.4202,,0.8145,False
H0009,Header_h35,47,0.783,5085,139.72,165.89,248.83,0.9268,0.8391,0.3397,0.9487,False
H0010,Header_h35,158,2.633,5160,1.08,35.62,53.43,0.9302,0.5618,,0.8553,False
H0011,Header_h35,270,4.5,5160,53.89,51.36,77.04,0.9273,0.8525,,0.9438,False
H0012,Header_h37,105,1.75,5476,22.86,65.52,98.28,0.8578,0.8556,,0.8211,False
H0013,Header_h37,352,5.867,5649,48.28,80.83,121.24,0.8079,0.7568,,0.911,False
H0014,Header_h37,440,7.333,5647,73.88,95.66,143.49,0.9356,0.6488,,0.9177,False
H0015,Header_h42,263,4.383,6998,46.49,51.94,77.91,0.6973,0.8129,,0.8652,False
H0016,Header_h42,272,4.533,6896,14.49,77.89,116.83,0.9,0.5898,,0.8736,False
H0017,Header_h45,234,3.9,7687,24.12,21.48,32.22,0.8997,0.6638,,0.857,False
H0018,Header_h47,161,2.683,8404,45.24,90.38,135.57,0.9572,0.8643,0.4713,0.8649,False
H0019,Header_h47,260,4.333,8502,34.8,77.94,116.91,0.8612,0.7101,,0.9236,False
H0020,Header_h47,321,5.35,8572,134.53,160.97,241.46,0.7751,0.6735,,0.9577,False
H0021,Header_h49,116,1.933,8896,27.89,103.06,154.59,0.9362,0.8629,,0.9108,False
H0022,Header_h49,218,3.633,8945,9.23,66.53,99.8,0.9479,0.729,,0.9096,False
H0023,Header_h49,264,4.4,9092,88.03,68.32,102.48,0.9502,0.8658,,0.9639,False
H0024,Header_h49,355,5.917,8990,51.56,107.96,161.94,0.9592,0.8537,,0.9602,False
H0025,Header_h60,59,0.983,11766,163.6,392.5,588.75,0.8833,0.6535,,0.9755,False
H0026,Header_h60,67,1.117,11766,131.57,425.08,637.62,0.8449,0.3811,,0.9722,False
H0027,Header_h67,15,0.25,13122,58.99,93.91,140.86,0.9168,0.8778,,0.882,False
H0028,Header_h67,137,2.283,13258,23.12,82.87,124.3,0.9331,0.8091,,0.9333,False
H0029,Header_h72,111,1.85,14279,81.09,96.07,144.1,0.8892,0.7773,0.5873,0.8966,False
H0030,Header_h72,117,1.95,14279,59.61,85.28,127.92,0.8232,0.68,0.8042,0.7813,False
H0031,Header_h72,190,3.167,14305,10.7,81.26,121.89,0.9531,0.8451,,0.9849,False
H0032,Header_h73,10,0.167,14419,96.25,90.27,135.4,0.9525,0.8816,0.9165,0.9014,False
H0033,Header_h73,19,0.317,14418,24.51,75.35,113.03,0.9502,0.6532,,0.9086,False
H0034,Header_h73,112,1.867,14486,12.62,66.29,99.43,0.9504,0.8152,,0.7899,False
H0035,Header_h74,38,0.633,14576,41.3,286.94,430.41,0.8952,0.8284,,0.9456,False
H0036,Header_h74,110,1.833,14661,121.12,101.51,152.26,0.9453,0.843,0.8788,0.8657,False
H0037,Header_h74,125,2.083,14646,12.87,73.79,110.68,0.9202,0.4774,,0.9086,False
H0038,Header_h74,131,2.183,14669,48.62,88.64,132.96,0.9313,0.8087,,0.8735,False
H0039,Header_h76,173,2.883,14962,79.76,131.3,196.95,0.8981,0.6603,,0.9494,False
H0040,Header_h76,204,3.4,14979,50.05,103.46,155.19,0.8598,0.8371,,0.9749,False
H0041,Header_h76,213,3.55,14979,126.17,106.14,159.21,0.8569,0.693,0.9015,1.0,False
H0042,Header_h77,75,1.25,15149,81.42,68.4,102.6,0.9133,0.6293,0.824,0.9788,False
H0043,Header_h80,211,3.517,15838,6.8,77.31,115.96,0.9392,0.8507,,0.8959,False
H0044,Header_h81,15,0.25,15914,363.23,286.6,429.9,0.9579,0.8494,0.8434,1.0,False
H0045,Header_h81,179,2.983,16049,30.29,63.23,94.85,0.8972,0.4528,,0.8843,False
H0046,Header_h81,258,4.3,16038,51.01,108.9,163.35,0.9597,0.8626,0.8879,0.9383,False
H0047,Header_h83,56,0.933,16337,104.32,93.15,139.73,0.9536,0.813,0.731,0.0125,True
H0048,Header_h84,150,2.5,16479,12.21,85.03,127.54,0.8767,0.8583,,0.8829,False
H0049,Header_h86,197,3.283,16969,37.4,45.76,68.64,0.9328,0.4913,0.6054,0.9013,False
H0050,Header_h88,47,0.783,17245,132.18,91.48,137.22,0.3744,0.7814,0.6292,0.8794,False
H0051,Header_h88,60,1.0,17263,134.55,109.15,163.72,0.9288,0.8475,0.9108,0.939,False
H0052,Header_h88,281,4.683,17392,23.41,58.14,87.21,0.4592,0.4913,,0.8359,False
H0053,Header_h88,288,4.8,17391,57.7,70.21,105.32,0.8025,0.6581,,0.8612,False
H0054,Header_h91,93,1.55,17727,42.69,74.59,111.89,0.9438,0.8446,,0.9368,False
H0055,Header_h94,74,1.233,18084,80.96,103.1,154.65,0.9423,0.8145,0.9057,0.9119,False
H0056,Header_h94,145,2.417,18084,83.85,109.62,164.43,0.9362,0.7593,0.9271,0.8408,False
H0057,Header_h94,197,3.283,18084,93.33,99.97,149.96,0.8952,0.6085,0.9362,0.7961,False
H0058,Header_h94,226,3.767,18139,110.08,138.75,208.12,0.6699,0.8298,,0.9027,False
H0059,Header_h97,211,3.517,18474,51.76,64.12,96.18,0.7416,0.3009,,0.8377,False
H0060,Header_h97,247,4.117,18554,44.32,48.89,73.34,0.9136,0.6198,0.8218,0.9749,False
H0061,Header_h99,179,2.983,18705,10.64,103.03,154.54,0.902,0.7208,,0.9341,False
H0062,Header_h99,200,3.333,18709,74.58,101.41,152.12,0.8799,0.4761,0.2939,0.8289,False
H0063,Header_h99,206,3.433,18709,55.42,105.08,157.62,0.8213,0.6666,,0.9477,False
H0064,Header_h99,236,3.933,18721,56.77,104.36,156.54,0.9377,0.2879,,0.9661,False
H0065,Header_h99,243,4.05,18721,54.78,102.44,153.66,0.9404,0.7511,,0.9722,False
H0066,Non_Header_h102,455,7.583,19598,34.01,29.02,43.53,0.9459,0.5836,0.561,0.7714,False
H0067,Non_Header_h102,525,8.75,19719,83.85,109.9,164.85,0.9274,0.7473,0.7275,0.8684,False
H0068,Non_Header_h102,539,8.983,19719,54.68,82.01,123.01,0.9539,0.8389,0.3198,0.8894,False
H0069,Non_Header_h20,219,3.65,21489,273.9,387.64,581.46,0.9079,0.8106,,1.0,False
H0070,Non_Header_h3,455,7.583,23181,2.01,24.73,37.1,0.9531,0.5212,,0.8741,False
H0071,Non_Header_h37,556,9.267,24949,138.19,339.04,508.56,0.9248,0.6228,,0.9378,False
H0072,Non_Header_h47,403,6.717,27140,64.99,136.56,204.84,0.954,0.8526,0.9253,0.9651,False
H0073,Non_Header_h47,444,7.4,27140,104.38,83.87,125.81,0.9479,0.9035,0.8515,0.933,False
H0074,Non_Header_h5,59,0.983,27805,25.96,40.99,61.49,0.9441,0.8706,,0.9005,False
H0075,Non_Header_h53,391,6.517,29111,26.5,44.7,67.05,0.93,0.7984,,0.8549,False
H0076,Non_Header_h57,18,0.3,30164,3.81,22.76,34.14,0.9534,0.4914,,0.9167,False
H0077,Non_Header_h59,169,2.817,30500,46.83,37.18,55.77,0.9415,0.8631,,0.8834,False
H0078,Non_Header_h6,136,2.267,30909,103.44,450.05,675.07,0.9121,0.7957,,1.0,False
H0079,Non_Header_h7,478,7.967,33601,0.75,59.77,89.65,0.9394,0.4569,,0.8632,False
H0080,Non_Header_h70,509,8.483,33871,88.83,122.89,184.33,0.9615,0.8748,0.8992,0.9192,False
H0081,Non_Header_h70,529,8.817,33939,88.93,119.02,178.53,0.9545,0.8958,,0.9323,False
H0082,Non_Header_h71,64,1.067,34004,148.99,172.12,258.18,0.9222,0.8399,,1.0,False
H0083,Non_Header_h71,70,1.167,34004,128.09,180.86,271.29,0.96,0.8493,,1.0,False
